{"cameraMode":{"drawMode":0,"name":"Shaded","section":"Shading Mode"},"sceneLighting":true,"audioPlay":false,"sceneViewState":{"m_AlwaysRefresh":false,"showFog":true,"showSkybox":true,"showFlares":true,"showImageEffects":true,"showParticleSystems":true,"showVisualEffectGraphs":true,"m_FxEnabled":true},"in2DMode":false,"pivot":{"x":-0.27606460452079775,"y":1.7284109592437745,"z":-0.9338237643241882},"rotation":{"x":-0.01964859664440155,"y":0.9780336022377014,"z":-0.17676982283592225,"w":-0.10871168971061707},"size":9.979750633239746,"orthographic":false}